Item_Identifier,Item_Weight,Item_Fat_Content,Item_Visibility,Item_Type,Item_MRP,Outlet_Identifier,Outlet_Establishment_Year,Outlet_Size,Outlet_Location_Type,Outlet_Type,Item_Outlet_Sales
FDY46,17.834252808267628,Low Fat,0.1183301303663452,Frozen Foods,110.78757598659183,OUT039,1999,Small,Tier 3,Supermarket Type1,1126.691112931131
FDG25,20.96122374009694,LF,0.1400543475991736,Fruits and Vegetables,202.67032898668893,OUT031,2009,nan,Tier 3,Supermarket Type1,3699.1127701757728
FDR23,8.568932911407073,Low Fat,0.10907655791296565,Meat,158.84156011837513,OUT047,1985,Medium,Tier 2,Supermarket Type3,4677.530764347716
FDA15,16.20622358690776,Low Fat,0.02470349597339906,Dairy,249.55908163947615,OUT020,1987,High,Tier 3,Supermarket Type1,2739.7982133935075
FDU19,,Low Fat,0.03366232080697224,Meat,82.4112534667839,OUT042,1999,Small,Tier 1,Supermarket Type1,761.4228567077419
FDF11,,reg,0.007681564464166256,Dairy,230.58769314740778,OUT028,1999,nan,Tier 2,Supermarket Type1,3122.6582643044917
FDG58,5.201031384390088,Regular,0.1446859589765376,Meat,95.07010264232723,OUT012,2004,Small,Tier 3,Supermarket Type3,1853.5346776192566
FDX23,10.740719386219384,Low Fat,0.05145496555453467,Fruits and Vegetables,86.46459959910885,OUT049,2007,nan,Tier 2,Supermarket Type2,832.5172132801649
FDW94,6.222444367619715,Low Fat,0.013805546306085045,Meat,144.62629556285066,OUT031,2002,nan,Tier 2,Supermarket Type1,2222.3504203919174
FDI60,14.935487385729102,Low Fat,0.11204320487657735,Household,46.377036208993545,OUT027,2002,Medium,Tier 1,Supermarket Type1,409.1531084950269
FDY62,,Low Fat,0.11955996867717299,Meat,118.39061298845513,OUT039,1999,nan,Tier 1,Supermarket Type1,1561.5914709574402
FDX20,16.727102901287367,low fat,0.0,Baking Goods,111.80547266524104,OUT010,1999,Small,Tier 1,Supermarket Type1,1110.693730178848
FDC64,12.782049066688833,Regular,0.011353606095768302,Baking Goods,66.82335781140792,OUT029,2007,nan,Tier 3,Supermarket Type1,1394.229397930934
FDZ77,11.71045466163144,Regular,0.03167949799479374,Frozen Foods,227.98281441322942,OUT014,1999,High,Tier 3,Supermarket Type1,2726.155570228061
FDE86,10.57626158583667,Low Fat,0.03607937677196187,Meat,118.75461805315815,OUT021,2002,Small,Tier 1,Supermarket Type1,1972.190111403277
FDI37,6.378066672234439,Regular,0.047198927896464,Meat,255.84164128814697,OUT020,1997,Medium,Tier 1,Supermarket Type1,4339.276890059945
FDW55,8.277197642867437,Low Fat,0.0,Household,236.93282827868808,OUT033,1999,High,Tier 3,Supermarket Type1,4549.45870936479
FDP79,15.225640079815769,low fat,0.23079363977613968,Dairy,74.80646090108286,OUT027,2009,High,Tier 1,Supermarket Type3,2058.5116558041486
FDJ32,12.948026696620195,Regular,0.19229691805132554,Meat,146.17809963772584,OUT017,1997,Medium,Tier 2,Supermarket Type1,2305.7734155635485
FDU54,6.121431225688953,Low Fat,0.10175692671521279,Dairy,168.41495182430717,OUT038,2007,Small,Tier 2,Supermarket Type1,1681.049815482106
FDC68,13.703227482237677,Low Fat,0.24931433423232893,Baking Goods,218.36091567703286,OUT031,2004,Small,Tier 2,Supermarket Type1,4011.7799674168846
FDK16,5.866282583185326,low fat,0.0575380544542112,Soft Drinks,233.6978324198208,OUT011,1998,nan,Tier 3,Supermarket Type1,3576.943424574135
FDJ13,13.187631160319812,Low Fat,0.10037091701000343,Fruits and Vegetables,173.52414486576268,OUT032,1999,Small,Tier 1,Supermarket Type1,2757.5377577161153
FDZ71,,Regular,0.08257796288507226,Soft Drinks,38.08086672270954,OUT025,2007,nan,Tier 2,Supermarket Type1,768.9248821402954
FDH93,9.917512859686433,Regular,0.22892900558274515,Household,140.69358338916976,OUT017,2004,Small,Tier 3,Supermarket Type2,2167.528434780396
FDQ14,,Low Fat,0.0,Household,233.50481332285645,OUT013,1987,Medium,Tier 1,Supermarket Type1,3506.5233718530394
FDQ18,16.9288326494716,Regular,0.06572361271638275,Dairy,194.24060858517979,OUT023,2007,Small,Tier 1,Supermarket Type1,2731.3243081808323
FDH16,11.477752534578235,Regular,0.1284655009661494,Dairy,230.1326465241753,OUT018,2007,nan,Tier 2,Supermarket Type3,5723.228489147177
FDE64,14.492674412478559,Regular,0.2644425075625487,Snack Foods,185.03835163622267,OUT020,2009,Small,Tier 1,Supermarket Type1,2025.4323755313544
FDC17,12.552737451160601,Low Fat,0.05854017199470235,Snack Foods,40.12805225744371,OUT047,1987,Medium,Tier 1,Grocery Store,47.6723361728968
FDE14,9.533808315372902,low fat,0.1545946956723057,Meat,252.64153092752045,OUT025,1998,nan,Tier 2,Supermarket Type1,3366.0590460613284
FDQ67,17.07587352320864,Low Fat,0.0737276357427144,Snack Foods,241.1442643310261,OUT022,1987,nan,Tier 2,Supermarket Type1,4241.519824368906
FDH85,16.245225850374492,Low Fat,0.09313223284899314,Soft Drinks,59.11329417990335,OUT045,1998,nan,Tier 1,Supermarket Type1,1109.3331369257314
FDD37,19.40878183317169,Low Fat,0.1381041829935928,Dairy,55.918968374062224,OUT045,1997,nan,Tier 3,Supermarket Type1,521.4640034976889
FDY67,14.890018874553643,low fat,0.061814646685613525,Baking Goods,153.98805510971462,OUT026,2004,nan,Tier 3,Supermarket Type3,2864.2822311009145
FDR76,11.219522259139135,Low Fat,0.03463728126974053,Dairy,204.12169194808314,OUT023,1999,nan,Tier 2,Supermarket Type1,3022.114898638866
FDZ40,16.424120929642804,Regular,0.007036008245939544,Snack Foods,117.89983874579835,OUT038,2004,Medium,Tier 1,Supermarket Type1,1968.633164163737
FDE21,14.904579672938274,Regular,0.018772363110021343,Baking Goods,61.367897614945676,OUT026,1987,Medium,Tier 2,Supermarket Type2,1600.965302783009
FDW13,14.865827084810155,low fat,0.19735675033572153,Dairy,147.42790271971154,OUT010,1998,Small,Tier 3,Supermarket Type1,3237.8178824587635
FDY51,18.59740411245154,Regular,0.20867601239603253,Snack Foods,107.64021133036367,OUT029,2002,High,Tier 3,Supermarket Type2,1551.6568322074922
FDF63,19.567496619951246,Regular,0.07024804602182398,Fruits and Vegetables,110.90754977680467,OUT042,1999,Small,Tier 1,Supermarket Type1,2764.668114097953
FDV10,7.883866630746997,low fat,0.13997178439403177,Dairy,178.3466734732879,OUT011,1987,nan,Tier 2,Supermarket Type2,2715.0202570874935
FDP52,,Regular,0.0,Fruits and Vegetables,233.6898628227859,OUT026,2004,Medium,Tier 2,Grocery Store,1096.9545851874582
FDF29,15.404891215480662,low fat,0.2067073218210109,Household,158.47609809679818,OUT032,1987,nan,Tier 3,Supermarket Type1,2866.5268012718284
FDR79,13.91553973935396,Low Fat,0.0,Meat,188.1485774908162,OUT031,2009,Small,Tier 2,Supermarket Type1,3384.1599880425138
FDQ85,15.437218711991349,Low Fat,0.1782854935189301,Soft Drinks,181.78780804988554,OUT010,2004,High,Tier 2,Supermarket Type1,3514.5179415724947
FDQ62,11.928233589235017,low fat,0.0863279455324126,Dairy,156.7636242880939,OUT021,1997,Medium,Tier 2,Supermarket Type1,1708.5863819351823
FDV91,11.599024219456792,low fat,0.1522509191934902,Fruits and Vegetables,101.47437348411992,OUT022,2002,nan,Tier 1,Supermarket Type1,1583.2216842165997
FDJ33,,low fat,0.05287756911281574,Snack Foods,116.89266252935491,OUT023,1999,Small,Tier 3,Supermarket Type3,3571.4300659629375
FDT21,,Regular,0.02091034169630615,Dairy,102.61187365279572,OUT019,2009,Small,Tier 2,Supermarket Type1,1005.1650831073423
FDD51,7.812570441039373,reg,0.13012154422699654,Frozen Foods,241.02456219087262,OUT021,1997,Medium,Tier 1,Supermarket Type1,2679.3559703355413
FDE35,15.736345530207553,Low Fat,0.16612001157956585,Dairy,220.12229421740193,OUT031,1987,Medium,Tier 2,Supermarket Type1,2558.736952551535
FDD68,20.473155891679696,Low Fat,0.0320716656044734,Fruits and Vegetables,163.24989575578076,OUT027,1987,Medium,Tier 2,Supermarket Type1,2387.908645719949
FDP14,9.102605239620727,Low Fat,0.20532451423739798,Dairy,239.81599832406616,OUT048,1998,nan,Tier 3,Supermarket Type1,4608.053294871175
FDZ92,,reg,0.08801840343110587,Soft Drinks,233.87399942403493,OUT028,1985,Small,Tier 1,Supermarket Type1,2753.8686883881983
FDX15,5.386803924494938,Low Fat,0.06320502323808805,Baking Goods,243.36971194292207,OUT039,2009,Medium,Tier 2,Supermarket Type1,3067.6485501354837
FDX62,11.061234981525425,Regular,0.06593912953257337,Baking Goods,81.00798726077258,OUT024,1997,Small,Tier 3,Supermarket Type1,963.4656475174891
FDG19,8.433776941710292,Low Fat,0.14216306414835592,Baking Goods,195.02569868569577,OUT048,1999,Small,Tier 1,Supermarket Type2,2428.714123787728
FDG95,12.869750770302977,Low Fat,0.08759404646771528,Snack Foods,170.12163498240542,OUT023,1987,nan,Tier 2,Supermarket Type3,2946.931452095599
FDN37,13.388896447884008,Regular,0.053362295356591684,Baking Goods,198.78104670195964,OUT018,2007,Medium,Tier 3,Supermarket Type1,1962.397428495873
FDJ71,10.589243910033627,Regular,0.11430808345632179,Household,90.57725370120605,OUT014,1997,nan,Tier 2,Grocery Store,328.36790587178774
FDT31,16.998499556450284,Low Fat,0.0,Meat,189.80608643080848,OUT042,1999,nan,Tier 2,Supermarket Type1,3827.1784394578167
FDY20,19.476906731395452,Low Fat,0.08024260070457713,Dairy,124.260558508509,OUT014,2004,nan,Tier 1,Grocery Store,642.3898914859626
FDN40,8.384369564692385,Low Fat,0.1979317610713783,Fruits and Vegetables,221.84111315044905,OUT033,1987,Medium,Tier 3,Supermarket Type1,3915.765076393886
FDL13,18.38076437449802,Regular,0.0,Soft Drinks,212.9341167872078,OUT017,1997,nan,Tier 1,Grocery Store,867.4795426629981
FDM31,7.09900639608605,Low Fat,0.03899916146955955,Dairy,78.61225049755095,OUT028,2007,Medium,Tier 2,Grocery Store,227.3745221931478
FDV73,8.659234952695957,Regular,0.062017919968684915,Household,72.2867135727597,OUT021,2007,Medium,Tier 3,Grocery Store,403.50346420373563
FDM93,13.982650979740566,Low Fat,0.0,Household,195.0782958955192,OUT017,1997,Small,Tier 2,Grocery Store,890.4363960159454
FDS88,9.905303820089767,Regular,0.019149014709799034,Fruits and Vegetables,156.6092257874769,OUT017,2004,Medium,Tier 2,Supermarket Type1,2321.3542754496348
FDS93,,Low Fat,0.1800390300616609,Frozen Foods,158.15735945687126,OUT047,1987,nan,Tier 2,Supermarket Type1,3211.002974947045
FDD15,,Low Fat,0.06588346169886251,Frozen Foods,203.07852439565156,OUT029,2009,Medium,Tier 3,Supermarket Type2,2643.594115550577
FDO77,19.477923017550445,Low Fat,0.22013899419457866,Dairy,226.6432823950117,OUT038,2007,nan,Tier 2,Supermarket Type1,2927.951417263639
FDF75,7.787570590749137,Regular,0.036164917871422106,Frozen Foods,84.96169714000484,OUT043,2009,Small,Tier 3,Supermarket Type1,1700.2226051244322
FDD24,17.220014077484414,Regular,0.04976299263544403,Baking Goods,157.77409576182654,OUT027,2009,nan,Tier 2,Supermarket Type1,2725.1228839659398
FDL49,16.5565120960717,LF,0.08918160692423772,Frozen Foods,220.65958318317774,OUT010,2004,Small,Tier 1,Supermarket Type2,2787.8610997377905
FDL50,6.699597057027873,LF,0.05824978397962057,Frozen Foods,230.7426593748506,OUT020,1998,nan,Tier 3,Supermarket Type1,3500.6565791325197
FDG31,10.271087433341867,Regular,0.1079004808170622,Dairy,96.10415931785882,OUT044,1999,nan,Tier 2,Supermarket Type2,544.8078565899046
FDH20,8.029700626219359,Regular,0.09030544240619545,Dairy,53.95538701742788,OUT041,2004,Small,Tier 1,Supermarket Type2,958.3389455533742
FDB39,,Regular,0.04845128963752745,Household,83.54934839188938,OUT025,1999,High,Tier 3,Supermarket Type1,1019.1001790932526
FDD62,7.7686508037743405,Regular,0.226971769660622,Dairy,247.46488822334126,OUT015,2007,nan,Tier 1,Supermarket Type1,3589.026186854996
FDY30,8.225247066139664,Regular,0.10175994064517244,Baking Goods,136.37033386009927,OUT018,1999,Medium,Tier 2,Supermarket Type3,2213.383793141854
FDY82,,Low Fat,0.11105906435083115,Dairy,126.27197182788571,OUT049,1999,Small,Tier 1,Grocery Store,747.4391113449364
FDH14,,Low Fat,0.10197834392883501,Snack Foods,33.009400208868335,OUT031,1999,nan,Tier 2,Supermarket Type1,626.3171627483603
FDN75,13.42088211554081,Regular,0.08621643918125503,Snack Foods,41.733377071910766,OUT017,1998,Medium,Tier 2,Supermarket Type1,1122.8190100167324
FDU58,10.162224667244903,Regular,0.15874645412591576,Dairy,183.80006377918644,OUT041,2004,Small,Tier 3,Supermarket Type1,2704.569035537148
FDH96,19.531989782529912,Low Fat,0.11998069100237668,Dairy,165.6602258067492,OUT035,1987,Small,Tier 2,Supermarket Type1,3079.7681816435506
FDO36,7.995415488310995,Low Fat,0.07620068403126891,Baking Goods,162.37150865394287,OUT027,1998,High,Tier 2,Supermarket Type1,1501.598048818299
FDB37,14.645802081543138,Low Fat,0.18051288732379933,Snack Foods,55.37426148562845,OUT046,1997,Small,Tier 3,Supermarket Type3,1250.28512368638
FDK55,19.40992614825028,reg,0.04852445094439623,Frozen Foods,110.9740690000313,OUT021,2007,nan,Tier 3,Supermarket Type3,3393.2417972145367
FDU51,5.7550344170541265,Low Fat,0.011043700954229813,Baking Goods,216.84237188723404,OUT047,2004,nan,Tier 2,Grocery Store,678.6370170180802
FDG31,13.260439535023572,Regular,0.07646064635882593,Fruits and Vegetables,70.22958150082657,OUT043,1997,Medium,Tier 2,Supermarket Type1,1118.068369522537
FDN86,12.210701000498993,reg,0.06214128235486271,Household,233.01806772596038,OUT013,1998,Medium,Tier 3,Supermarket Type1,3783.8416404618215
FDU31,19.860457729238544,Low Fat,0.09681439019775089,Meat,57.940009080247734,OUT025,1998,High,Tier 3,Supermarket Type1,676.8797177491031
FDB19,15.620236365989788,low fat,0.1266256557028165,Frozen Foods,68.90434592851727,OUT033,2004,nan,Tier 1,Supermarket Type2,1530.8361893779243
FDA74,10.586582559232701,low fat,0.19254502051290026,Snack Foods,139.88249106535756,OUT023,2007,Medium,Tier 1,Supermarket Type1,2600.571607528651
FDX76,,Low Fat,0.07775186304866434,Fruits and Vegetables,247.4189780231636,OUT026,1998,nan,Tier 1,Supermarket Type2,3402.2080990162153
FDK50,14.322464331421612,Low Fat,0.051858750912315205,Baking Goods,105.79596597344744,OUT040,2007,Medium,Tier 3,Supermarket Type2,1393.5342391706433
FDM13,10.554718368556873,Low Fat,0.12527088174930365,Dairy,181.39013851835125,OUT013,1985,Medium,Tier 3,Grocery Store,642.037290154393
FDT32,17.563978845366208,Low Fat,0.025524140023051516,Meat,165.39438887748753,OUT043,2009,Small,Tier 3,Supermarket Type1,2639.743277425124
FDF43,15.690716156901829,reg,0.07946197420034808,Soft Drinks,64.41320639512823,OUT047,2004,Medium,Tier 1,Grocery Store,320.23322737478367
FDI27,5.086660773479515,Low Fat,0.04028274745185977,Meat,87.07838732065755,OUT047,1998,Medium,Tier 2,Supermarket Type1,1307.3429335559356
FDX42,18.842153696175803,LF,0.1193531250870898,Frozen Foods,243.93513770807905,OUT012,2007,nan,Tier 2,Supermarket Type2,3709.3629058345127
FDY61,,Low Fat,0.19949746919831693,Fruits and Vegetables,72.51081344021289,OUT017,1987,nan,Tier 2,Supermarket Type1,659.0646991463221
FDQ60,15.327161609397137,reg,0.1938940699380823,Household,189.85227464367605,OUT021,2007,nan,Tier 3,Supermarket Type1,2133.3517995949114
FDC64,11.348293135550694,Low Fat,0.0369423675482699,Fruits and Vegetables,251.87973099807002,OUT044,2002,Small,Tier 2,Supermarket Type1,4000.296337916981
FDV65,19.101792707742405,Regular,0.03273005634082722,Household,57.48637820652396,OUT011,2004,Medium,Tier 2,Supermarket Type1,763.2309629542397
FDW44,15.413367139024258,Low Fat,0.060146946074286174,Household,121.81185774308233,OUT038,2004,Small,Tier 3,Supermarket Type3,1967.4431313136622
FDY77,,Low Fat,0.18071868239171285,Baking Goods,81.50439322182956,OUT032,1987,Small,Tier 3,Supermarket Type1,860.0529248178107
FDM71,20.684236001640762,Low Fat,0.048459276345367605,Household,80.95914900304487,OUT042,1987,Small,Tier 3,Supermarket Type3,2510.488708060985
FDO85,9.490248320970416,Low Fat,0.029851206526448452,Soft Drinks,57.36674411992659,OUT027,1998,Medium,Tier 3,Supermarket Type1,1291.2245068249053
FDC30,6.0440686497859915,Low Fat,0.12714058031279382,Meat,179.39677231803714,OUT049,2002,nan,Tier 3,Supermarket Type1,3022.4245705992525
FDH74,13.256166926498311,Regular,0.05313991764369261,Fruits and Vegetables,201.6590072794637,OUT031,1998,Medium,Tier 1,Supermarket Type1,3004.2497996935736
FDR22,11.784285341055032,Low Fat,0.010794479724165957,Fruits and Vegetables,185.66259930530293,OUT023,2002,nan,Tier 3,Supermarket Type1,2443.9204259777043
FDG86,12.268640785232721,Regular,0.07390438318336633,Frozen Foods,242.67098525240516,OUT038,1999,nan,Tier 2,Supermarket Type2,4301.206749453811
FDQ54,14.92167741257175,Regular,0.03608878407065773,Household,63.50612600515246,OUT024,2002,Medium,Tier 2,Supermarket Type1,790.893607633008
FDK23,,Regular,0.07874061084096452,Baking Goods,103.56443587855142,OUT024,2009,nan,Tier 1,Grocery Store,506.62902181764
FDU19,11.276228693304496,low fat,0.05185692806604476,Soft Drinks,109.25174623156487,OUT013,2002,Small,Tier 3,Supermarket Type1,1213.504789387218
FDH40,18.806032383400876,low fat,0.04103902761389993,Soft Drinks,83.37888388478807,OUT045,2002,Medium,Tier 2,Supermarket Type1,1131.5559712949032
FDF92,15.423336151794649,Low Fat,0.02134606489106986,Dairy,62.70713715610232,OUT014,2007,Medium,Tier 2,Supermarket Type1,392.6370635461344
FDW28,19.238586865738686,Low Fat,0.05250931493832716,Frozen Foods,141.94179946304064,OUT012,1999,Small,Tier 3,Supermarket Type2,1814.7511923254444
FDL73,19.610462481639132,Regular,0.055028182641607984,Frozen Foods,221.92111445090853,OUT021,1999,Medium,Tier 1,Supermarket Type2,2567.0225985537654
FDG91,7.6769932137736685,Regular,0.047437460063302,Soft Drinks,249.54413688876318,OUT029,1985,Medium,Tier 3,Supermarket Type1,3851.7789551666947
FDW76,15.888989982256964,Low Fat,0.09259519969880821,Household,59.748345410254466,OUT029,2002,nan,Tier 3,Supermarket Type1,598.3463821945445
FDI15,10.080189821402284,Regular,0.16259302279067808,Frozen Foods,219.32616245672926,OUT048,1985,nan,Tier 3,Supermarket Type2,3139.0697718373094
FDA51,18.382864872775666,Low Fat,0.1495791277679424,Household,219.65365828201323,OUT048,2007,High,Tier 3,Supermarket Type3,6539.975135241113
FDH64,16.72562527448808,Low Fat,0.05789420676755883,Snack Foods,119.4649679570904,OUT010,2009,High,Tier 3,Supermarket Type1,1281.2807630182633
FDQ39,,Regular,0.23214919784904464,Meat,55.306813553454454,OUT012,2002,Small,Tier 1,Grocery Store,267.16763551921497
FDC72,20.01969226405153,Low Fat,0.051093170869564226,Household,257.7018415540865,OUT018,2009,Medium,Tier 2,Supermarket Type1,3975.221940631569
FDG31,15.935664111878776,Low Fat,0.06468663372599782,Meat,180.7863970216283,OUT029,1987,Small,Tier 3,Supermarket Type1,2236.8882528486865
FDK37,20.178129651801303,Low Fat,0.03755337793586982,Frozen Foods,255.9050098595635,OUT018,2009,Small,Tier 2,Supermarket Type3,6585.4729761607105
FDR41,,Low Fat,0.015348689877947842,Soft Drinks,141.24076860747147,OUT040,1998,Small,Tier 2,Supermarket Type2,2941.7759416433255
FDE63,18.915281510378144,Low Fat,0.04554549222386884,Dairy,120.89438998544762,OUT037,1997,High,Tier 3,Grocery Store,723.9465566231382
FDB40,15.689165126650165,Low Fat,0.051023556205426646,Snack Foods,86.85265947320437,OUT044,1985,Medium,Tier 2,Supermarket Type1,825.8691865114544
FDN13,13.836585500522338,Low Fat,0.040084406969237436,Baking Goods,256.2215604075645,OUT049,1985,Small,Tier 3,Supermarket Type1,3491.908016770415
FDN24,18.128206397776623,Low Fat,0.10087509983723913,Frozen Foods,88.24917197632294,OUT047,2007,Small,Tier 3,Supermarket Type2,310.3101210653052
FDT29,15.125822189531357,Low Fat,0.23496035647468724,Fruits and Vegetables,35.46543393015158,OUT011,1987,nan,Tier 3,Supermarket Type3,661.6957992353166
FDQ77,,Low Fat,0.011695471220141647,Household,147.8677351253499,OUT012,1985,nan,Tier 1,Grocery Store,648.8822274885501
FDR33,9.058729348097454,Low Fat,0.3662388930592714,Soft Drinks,116.72161340171054,OUT023,1987,Medium,Tier 3,Supermarket Type1,2140.548208122111
FDA73,18.07285901810066,Regular,0.15291246683830118,Frozen Foods,90.11797578873083,OUT026,1997,Small,Tier 3,Supermarket Type1,2233.4381318211435
FDY78,15.404843237237033,Regular,0.034392556528772315,Household,175.95986679066988,OUT044,1998,Small,Tier 2,Supermarket Type1,2009.992581518518
FDR54,18.51022685921282,Regular,0.05099027206951288,Meat,113.78178142649912,OUT013,2009,Small,Tier 1,Supermarket Type1,1775.955240704477
FDN29,10.62443144869414,Regular,0.1236860381775482,Soft Drinks,122.51770431288075,OUT039,2004,High,Tier 2,Supermarket Type1,1724.8123523054337
FDC15,10.307361958491567,Low Fat,0.012543515086854197,Fruits and Vegetables,35.30048889563019,OUT048,1999,High,Tier 2,Supermarket Type1,453.8160495666592
FDK18,,reg,0.1281950026306815,Meat,165.48631356720324,OUT023,1999,High,Tier 3,Grocery Store,979.3306164670449
FDT37,,Low Fat,0.0,Soft Drinks,58.07633686481984,OUT036,2002,Medium,Tier 1,Supermarket Type2,919.0021565186523
FDS94,,Low Fat,0.04067135184920976,Baking Goods,79.17511754594702,OUT022,1985,nan,Tier 1,Grocery Store,438.75070088333047
FDJ16,,Low Fat,0.253506647470745,Baking Goods,194.93709874090678,OUT029,2002,Medium,Tier 3,Supermarket Type3,4741.578817369549
FDE98,16.018952247596314,low fat,0.10319089450866134,Fruits and Vegetables,102.04582702229953,OUT033,2002,Small,Tier 1,Supermarket Type1,1639.726691806893
FDD26,9.045903628364709,LF,0.06810265992081267,Baking Goods,67.53834541082762,OUT019,1999,Small,Tier 3,Grocery Store,188.86012278098335
FDZ46,,low fat,0.09139317389406586,Meat,162.8075538243706,OUT016,2009,nan,Tier 1,Supermarket Type2,3377.958930985677
FDQ69,13.609055860083467,Low Fat,0.032677255635642985,Fruits and Vegetables,79.42803383572634,OUT026,1999,High,Tier 1,Supermarket Type3,1761.6251169524103
FDQ90,20.51163577672581,LF,0.02302485921148111,Soft Drinks,92.32498921050215,OUT031,2009,Small,Tier 3,Supermarket Type1,1650.4385622850389
FDA65,6.2267015134312675,Low Fat,0.06800757924241795,Meat,172.90804129491096,OUT020,2004,nan,Tier 1,Supermarket Type1,2720.5251885435346
FDB96,10.389205882331247,Regular,0.15649649281098088,Frozen Foods,200.16820971370043,OUT032,1997,Small,Tier 1,Supermarket Type2,1946.7236870869992
FDS18,11.103525494630334,LF,0.18329452156837547,Baking Goods,200.12172759498273,OUT031,2009,High,Tier 1,Supermarket Type3,3721.119090849738
FDT96,16.686731521289275,Regular,0.01885668765318873,Dairy,140.915984730291,OUT049,2004,nan,Tier 2,Grocery Store,651.2180471250964
FDO28,8.40739612688982,Low Fat,0.06144954202465007,Household,134.48828953217014,OUT027,1998,Small,Tier 3,Supermarket Type2,1592.5459187771428
FDE77,11.005533654121137,Regular,0.39517306680910724,Baking Goods,211.1583923731892,OUT035,2009,Small,Tier 2,Supermarket Type1,3368.8905086242617
FDM21,19.570280703321465,Low Fat,0.09950927321342148,Dairy,74.39798677587893,OUT039,2002,Medium,Tier 1,Supermarket Type2,660.8872935956622
FDI88,6.832814139024464,Low Fat,0.1667330631054288,Fruits and Vegetables,65.00656293154563,OUT022,2009,High,Tier 1,Grocery Store,295.0650867754505
FDU88,16.925184010538658,Regular,0.05265187407054394,Soft Drinks,182.87986518678724,OUT013,1998,Small,Tier 2,Grocery Store,566.8368117485749
FDQ14,16.23976178603951,Low Fat,0.078822185237523,Snack Foods,124.18659490952872,OUT036,1987,Medium,Tier 1,Supermarket Type2,2280.7538102118942
FDE34,7.088081225505745,Low Fat,0.03455051668941442,Household,193.2996459311416,OUT049,2009,Small,Tier 1,Supermarket Type1,3124.9888560837876
FDX40,16.01585099789721,Regular,0.05957196468481717,Soft Drinks,89.01805139654428,OUT019,1998,Small,Tier 3,Supermarket Type2,1584.1042342519668
FDN43,14.116540628942555,Regular,0.029013784654853342,Fruits and Vegetables,104.72053264535639,OUT037,1987,High,Tier 1,Supermarket Type1,1525.471140385291
FDI87,9.600357394305357,Low Fat,0.08921755092773316,Soft Drinks,236.23585931263983,OUT030,2004,High,Tier 3,Supermarket Type3,4792.472731761913
FDO77,9.978259120840846,Low Fat,0.09029958651619312,Meat,126.98100116896528,OUT020,2004,High,Tier 3,Supermarket Type2,2693.6928300623863
FDW47,18.327876405372194,low fat,0.15921114068051445,Meat,165.91929803568843,OUT029,1999,Small,Tier 2,Supermarket Type2,3322.035354731147
FDN78,8.696239780259548,Low Fat,0.06734653001127747,Baking Goods,54.53690464721118,OUT045,1999,nan,Tier 2,Supermarket Type3,1173.5056130045134
FDK87,13.20448847084279,Regular,0.051640163710789506,Baking Goods,71.1307096043345,OUT028,2007,Medium,Tier 1,Supermarket Type1,781.2846556666303
FDG54,15.89839579685115,reg,0.012106497883179955,Baking Goods,38.25417762920817,OUT019,2002,Medium,Tier 2,Supermarket Type1,290.4138547729541
FDR41,7.078427109389667,Regular,0.12919522500745553,Baking Goods,127.60528670518332,OUT024,1985,Medium,Tier 3,Supermarket Type2,2026.65914730975
FDY11,19.91766193946103,Low Fat,0.10781319979008293,Fruits and Vegetables,257.45160103385547,OUT027,1998,nan,Tier 2,Supermarket Type1,3527.529775565628
FDI29,9.170149040454168,Low Fat,0.09722469168768663,Soft Drinks,230.99082510983717,OUT016,1985,High,Tier 3,Supermarket Type1,3225.0502343913295
FDZ47,10.10135876805149,Regular,0.02116704733313956,Frozen Foods,175.5690504363166,OUT039,1999,Medium,Tier 2,Grocery Store,934.6625796706069
FDA78,15.657851809748118,Regular,0.10095787416053588,Baking Goods,228.0521931502172,OUT023,1999,nan,Tier 1,Supermarket Type1,2939.60673224693
FDV23,6.2510663541781355,Regular,0.059717520160302344,Fruits and Vegetables,166.6589519610573,OUT046,1998,nan,Tier 2,Supermarket Type1,3459.3054905438566
FDY18,15.041803038697866,Low Fat,0.06032446181978444,Snack Foods,114.81684247685166,OUT039,2009,Small,Tier 1,Supermarket Type1,1213.726239788365
FDS70,19.656479362972007,Low Fat,0.044081038013917356,Household,69.91567225325652,OUT036,2007,Medium,Tier 2,Supermarket Type1,25.259505529147418
FDT17,8.985448884822796,Low Fat,0.05783658415711971,Baking Goods,180.20121060485155,OUT046,1997,Small,Tier 3,Supermarket Type1,2373.9821260624376
FDP17,,Regular,0.03342419250297661,Soft Drinks,74.40179356987144,OUT026,1999,Medium,Tier 2,Supermarket Type1,1294.4204750841764
FDW82,8.717343320340124,Regular,0.09063602779665028,Meat,126.00853595601384,OUT039,2002,nan,Tier 2,Grocery Store,587.5308773165559
FDE43,,Low Fat,0.112606869050283,Dairy,219.9344236957105,OUT027,1999,nan,Tier 3,Supermarket Type1,3390.517509219152
FDU27,7.6817251760714615,Regular,0.012032178670121001,Snack Foods,59.72273958919755,OUT012,2007,Small,Tier 3,Supermarket Type1,757.3097537385024
FDM53,10.546051766973711,Regular,0.11018230475179441,Meat,59.67492638306287,OUT037,1999,Small,Tier 2,Supermarket Type1,644.5658040480228
FDO24,14.616349142802186,low fat,0.07154750563154241,Soft Drinks,81.61255558606739,OUT046,2007,Medium,Tier 3,Supermarket Type2,604.4147725718653
FDY32,11.472870922655988,Low Fat,0.03758342182489209,Soft Drinks,156.9409806381288,OUT039,1997,Medium,Tier 3,Supermarket Type1,2418.8495863789253
FDW74,6.047509032113249,Low Fat,0.08457180946108023,Snack Foods,87.89639999978,OUT030,1999,High,Tier 2,Supermarket Type1,1846.8263069231325
FDY95,20.163530681841483,Low Fat,0.05571899696099281,Soft Drinks,145.73552556865016,OUT029,1998,Medium,Tier 1,Supermarket Type3,3289.6666980122864
FDG41,10.406407068137062,Regular,0.13351173816182535,Soft Drinks,99.45600054372805,OUT031,2002,Medium,Tier 2,Supermarket Type1,1111.4423872815223
FDR41,12.130419404236445,Regular,0.032901480886397896,Baking Goods,146.43570712893327,OUT045,1997,Small,Tier 2,Supermarket Type1,2269.5152024835097
FDA52,7.680725363253853,Regular,0.07229921550529857,Household,93.85523327039795,OUT045,1998,nan,Tier 1,Grocery Store,641.9211118219649
FDM18,18.845603824734773,Low Fat,0.06449393744080636,Dairy,255.40284638997,OUT030,1998,Small,Tier 2,Supermarket Type1,3729.0308258084615
FDY57,9.662860605833785,Regular,0.3911961539740265,Baking Goods,143.3251172626526,OUT033,1999,Small,Tier 2,Supermarket Type1,1531.5740592758298
FDK76,5.3171686943913965,Low Fat,0.0,Meat,201.0379898448952,OUT030,2002,Medium,Tier 3,Supermarket Type1,3125.477505143734
FDQ41,10.062441321406673,low fat,0.03882782665087098,Household,191.12570854658716,OUT016,1987,Medium,Tier 2,Supermarket Type3,4742.530993560047
FDI69,20.744954952526335,Low Fat,0.19417868266221133,Snack Foods,142.82865620730308,OUT017,2007,High,Tier 1,Supermarket Type3,3864.0602868829365
FDA66,7.349485965039923,Low Fat,0.09317545738641145,Fruits and Vegetables,84.93827418362281,OUT031,1998,Small,Tier 1,Supermarket Type1,1622.687058370672
FDQ93,5.499239807816439,Low Fat,0.08084604047500997,Frozen Foods,147.46520391995892,OUT031,2004,nan,Tier 3,Supermarket Type1,2295.0233284327037
FDE94,14.250809443663723,Low Fat,0.10345898611217606,Soft Drinks,186.62347345569995,OUT039,2004,Small,Tier 2,Supermarket Type1,2382.471928635978
FDE77,10.94666474348013,Low Fat,0.04409649517808003,Snack Foods,135.78143222953872,OUT043,1987,Medium,Tier 2,Supermarket Type2,1545.085407432507
FDY70,17.719604787367224,Low Fat,0.08760029393787439,Meat,48.84277469343057,OUT038,2004,Medium,Tier 2,Supermarket Type1,563.5793597778598
FDH98,16.710204221739605,Low Fat,0.022803516496458034,Fruits and Vegetables,34.13614279835931,OUT019,1985,nan,Tier 2,Supermarket Type1,819.6698720101257
FDW16,7.966704449597225,Low Fat,0.07949083920508376,Dairy,105.41166594760286,OUT014,1987,High,Tier 1,Grocery Store,376.7696652996154
FDE51,14.034116882481596,low fat,0.07544411582167394,Meat,64.55150300146174,OUT048,1999,Small,Tier 1,Supermarket Type1,722.9583957239498
FDQ37,,Low Fat,0.03013338821671236,Snack Foods,238.42375656297898,OUT043,2007,Medium,Tier 3,Supermarket Type1,3133.660455563185
FDF57,12.031651650151632,LF,0.09490212186302734,Household,70.44151411953271,OUT047,2004,Medium,Tier 2,Grocery Store,551.1060452209753
FDV51,16.42485155149372,low fat,0.05326536269293605,Baking Goods,120.6850242226602,OUT019,1997,High,Tier 1,Grocery Store,509.76767632081516
FDD75,11.639340673404321,Low Fat,0.22076459785865016,Fruits and Vegetables,193.77782777644072,OUT018,2009,Medium,Tier 2,Supermarket Type2,3242.4861398121134
FDA12,6.887266365122574,Low Fat,0.01773636738781072,Meat,217.54698180369402,OUT041,1999,Medium,Tier 1,Supermarket Type3,6080.028721634557
FDM40,5.984537391829665,Low Fat,0.06206144393266502,Baking Goods,139.87402523097012,OUT014,1997,nan,Tier 1,Supermarket Type1,1622.274068469821
FDY42,18.658551196498827,Regular,0.14227168321458583,Baking Goods,71.66105220993019,OUT044,2004,Medium,Tier 3,Supermarket Type1,1454.4049689110868
FDU19,19.261231359185814,Regular,0.044293278888900216,Baking Goods,92.3059014224462,OUT020,1998,nan,Tier 2,Supermarket Type1,1338.0156366369256
FDF72,10.489479699484797,Low Fat,0.035511104066372735,Household,126.36274295746385,OUT025,1985,nan,Tier 3,Supermarket Type1,2598.279376151875
FDI74,7.626757194092047,Low Fat,0.06308764189030414,Soft Drinks,113.85675554488408,OUT036,1999,High,Tier 3,Supermarket Type1,1311.6923562183458
FDL11,20.657859409987537,Regular,0.023650600511988147,Meat,110.194734149021,OUT029,2007,nan,Tier 3,Supermarket Type1,1760.062077257604
FDN11,13.733820857619369,Low Fat,0.20465566816588596,Baking Goods,60.326374404032784,OUT010,1998,Medium,Tier 3,Supermarket Type1,1222.0916056155381
FDE83,,LF,0.04103934134724047,Soft Drinks,240.06135799931843,OUT035,2004,Medium,Tier 3,Supermarket Type1,3258.648187265419
FDT46,16.865723958292463,Low Fat,0.006479551932962199,Baking Goods,36.844019476074465,OUT020,2007,Small,Tier 3,Supermarket Type1,448.83803965937085
FDB70,7.701909430741786,Low Fat,0.02733492375359963,Fruits and Vegetables,131.20048941142278,OUT024,2009,nan,Tier 3,Supermarket Type1,1897.6599894802507
FDJ49,14.279835574462574,Low Fat,0.14681432479914527,Snack Foods,255.47394327570993,OUT048,2009,Medium,Tier 2,Supermarket Type2,4379.014309491795
FDY47,19.242597702521422,Regular,0.09622726324042855,Fruits and Vegetables,181.73650592954348,OUT049,1999,Medium,Tier 3,Supermarket Type1,3835.034660257827
FDE91,5.3690957750057375,Low Fat,0.02032229788417782,Fruits and Vegetables,111.74445265860915,OUT027,2002,nan,Tier 2,Supermarket Type1,2464.6178797844905
FDT59,15.767035309633577,Low Fat,0.1145630257440946,Soft Drinks,63.60244442422908,OUT033,2004,nan,Tier 2,Supermarket Type3,2509.649255723616
FDB53,13.822783292022487,Low Fat,0.026819175990613613,Soft Drinks,251.690699298525,OUT037,1987,Medium,Tier 1,Supermarket Type2,1682.2867374430375
FDH13,20.212812551591217,Low Fat,0.19788139971933433,Baking Goods,33.21686323082444,OUT034,2009,Small,Tier 3,Supermarket Type1,564.5963759146164
FDT64,9.139176158755422,Regular,0.07468647154890101,Household,186.719141241023,OUT032,1985,Small,Tier 2,Supermarket Type1,2832.766617563467
FDD82,18.742266270821965,Low Fat,0.1455893468501766,Meat,232.43161843242527,OUT020,2002,Medium,Tier 1,Supermarket Type2,3886.8258612167956
FDI21,9.943771230132558,Regular,0.10447079251306321,Household,35.78691267383571,OUT042,2002,Medium,Tier 1,Supermarket Type1,183.619786962631
FDN44,11.877817217006525,Low Fat,0.052649626309984814,Snack Foods,196.79021874081525,OUT025,2004,Small,Tier 3,Supermarket Type1,3314.491564499503
FDF56,8.412601036231921,Low Fat,0.10459483150964859,Soft Drinks,259.73268508858905,OUT045,1987,Medium,Tier 3,Supermarket Type2,2853.322806026158
FDW77,18.81745625256815,Regular,0.09788416641518065,Snack Foods,177.11776777187035,OUT032,2002,Small,Tier 3,Supermarket Type1,3170.487008424381
FDA68,8.126554570457758,Regular,0.07553292921826076,Meat,125.37615800398171,OUT015,2002,Small,Tier 3,Supermarket Type1,1056.4565581032075
FDI67,18.74420789223273,Regular,0.3457509852669769,Frozen Foods,231.11216545194483,OUT033,2009,nan,Tier 2,Supermarket Type1,4079.123439711291
FDP72,12.289814121128762,Low Fat,0.05946792967679865,Snack Foods,157.4612266772045,OUT047,2007,Medium,Tier 2,Supermarket Type1,2949.3163676567965
FDI53,,reg,0.19676328267958035,Snack Foods,202.37139476168622,OUT015,1999,Medium,Tier 3,Supermarket Type3,4303.040535044467
FDN24,9.23181694575784,Low Fat,0.15563025100588218,Fruits and Vegetables,165.18916811825613,OUT019,2004,Small,Tier 3,Supermarket Type1,2697.0200904382873
FDV97,7.1236822619393045,Low Fat,0.16336558010724975,Household,38.80695127222833,OUT031,2004,nan,Tier 2,Supermarket Type1,580.5055098599903
FDU57,13.87938023935843,Low Fat,0.07938457380111538,Snack Foods,79.02334728722994,OUT032,1999,nan,Tier 3,Supermarket Type2,446.01264050730015
FDH51,13.150993072891465,Low Fat,0.05365575060890573,Household,48.11562201695241,OUT014,2004,Medium,Tier 1,Supermarket Type1,1003.103539051639
FDN26,10.705718048056521,Regular,0.0979429086987533,Household,54.53818534814128,OUT037,1997,nan,Tier 2,Supermarket Type1,1411.7010251886682
FDC40,15.60514269661463,Low Fat,0.05108571195208581,Soft Drinks,33.543263525256556,OUT018,2004,Medium,Tier 1,Supermarket Type1,341.91409080358085
FDD57,6.522285260120185,reg,0.15910286528309978,Meat,126.86794517325518,OUT048,2002,Small,Tier 1,Supermarket Type1,2222.3494976415323
FDN34,14.952017198642071,Low Fat,0.10955808486553355,Frozen Foods,71.08987530345797,OUT037,2002,Small,Tier 1,Grocery Store,188.349344890198
FDX55,8.388097496003791,Regular,0.04683062475022501,Fruits and Vegetables,226.81019971361349,OUT034,1987,Small,Tier 1,Supermarket Type1,3861.215414190854
FDP49,7.063272896340754,Regular,0.03881713589113568,Soft Drinks,202.5086336343519,OUT047,1987,High,Tier 3,Supermarket Type1,3042.7143086993456
FDR16,19.553730882005695,low fat,0.20267666397080442,Fruits and Vegetables,161.8307088075641,OUT036,2004,Medium,Tier 3,Supermarket Type3,3630.001768815006
FDC72,12.356732178461353,Low Fat,0.23052645771199123,Snack Foods,142.47490943059097,OUT033,1985,High,Tier 3,Supermarket Type1,2371.7128749790068
FDT25,17.21466994540839,reg,0.1694792457105469,Dairy,88.84978733247443,OUT025,2009,Medium,Tier 3,Supermarket Type1,2097.334478653642
FDV45,6.425870855176274,LF,0.04587589418757363,Dairy,139.23883715124666,OUT011,1997,Medium,Tier 2,Supermarket Type1,2351.84089081181
FDS11,,reg,0.027145377445118943,Frozen Foods,177.48273344881449,OUT011,2002,Small,Tier 3,Supermarket Type1,2121.1135369330677
FDD16,12.917635406737038,low fat,0.027427834085100113,Frozen Foods,209.91263784433835,OUT014,1997,Small,Tier 2,Supermarket Type1,2789.6156901305894
FDO58,,low fat,0.05656699344020776,Fruits and Vegetables,48.78687523970648,OUT030,2009,nan,Tier 1,Supermarket Type1,695.827287981331
FDN52,5.078516680151722,Regular,0.02979135640335344,Dairy,192.94687841147652,OUT019,2004,nan,Tier 2,Supermarket Type1,3142.2930590428414
FDQ23,7.932714318381871,low fat,0.023395090834197045,Meat,200.82787165509563,OUT027,1985,Medium,Tier 3,Supermarket Type1,2431.5820672292125
FDQ41,8.500408247847327,Regular,0.05621233847223249,Snack Foods,158.563606212717,OUT035,1998,Small,Tier 1,Supermarket Type1,2553.1109919176
FDT75,9.616101672497502,Regular,0.04294461337787643,Snack Foods,79.29341501173629,OUT029,1999,Small,Tier 1,Grocery Store,490.1922553752947
FDG13,19.04056923269362,Regular,0.11146079207806074,Meat,154.01245512527026,OUT045,2004,nan,Tier 3,Grocery Store,618.0203342937556
FDH72,11.729640498111499,reg,0.06525413624949865,Snack Foods,145.6221228175214,OUT030,2004,Small,Tier 1,Supermarket Type1,3169.8114264331425
FDA10,15.870918247633387,Low Fat,0.17938213722467294,Soft Drinks,139.41332216896313,OUT011,1999,Small,Tier 1,Supermarket Type3,2579.829910422807
FDA73,5.2943374825845275,low fat,0.06926994225222019,Fruits and Vegetables,135.94718055745233,OUT042,1985,Medium,Tier 1,Supermarket Type2,2139.957934435779
FDE87,18.022810846125886,Low Fat,0.056762983356412305,Snack Foods,55.48988024704954,OUT032,1999,Small,Tier 2,Supermarket Type2,211.92892262603527
FDF16,8.845263107142676,Low Fat,0.049745657261210725,Soft Drinks,72.06527151719389,OUT048,1999,nan,Tier 1,Supermarket Type1,922.5949580218029
FDH33,9.944629262566954,Low Fat,0.02640984885697483,Meat,52.38638034380874,OUT040,1998,Medium,Tier 1,Grocery Store,213.41258123181262
FDR77,5.724102911792617,Low Fat,0.04950437522506844,Frozen Foods,85.76990036363642,OUT013,2002,nan,Tier 2,Supermarket Type3,1608.9350090862235
FDW98,11.555086495577847,reg,0.11294220204807508,Snack Foods,90.59966002805479,OUT012,2007,nan,Tier 3,Supermarket Type1,990.4488830062576
FDC32,18.64122836384072,Low Fat,0.048720932385028975,Meat,86.36744814340044,OUT046,1999,High,Tier 2,Supermarket Type2,1036.8691745720946
FDD66,11.059748129924627,Regular,0.04653285104161383,Meat,78.51368568268879,OUT019,2007,nan,Tier 2,Supermarket Type2,1494.526215192893
FDW57,19.53768433210228,Low Fat,0.07116020203930079,Frozen Foods,199.14707046150147,OUT041,1999,High,Tier 3,Supermarket Type1,2028.058043898268
FDM70,18.87916165108291,LF,0.10237407427663699,Household,218.27004190756713,OUT045,1997,Small,Tier 3,Supermarket Type1,2343.880732519451
FDV98,,low fat,0.0,Frozen Foods,105.23511981169106,OUT036,2007,Medium,Tier 2,Supermarket Type1,1332.765758508397
FDW33,9.884351100509003,Low Fat,0.0,Dairy,100.17964508742325,OUT028,1998,Small,Tier 1,Supermarket Type1,1441.6611217073937
FDK42,,Low Fat,0.030856253239172977,Soft Drinks,224.12744044307684,OUT047,1997,Medium,Tier 3,Supermarket Type1,2970.596064628242
FDN33,5.476943079594717,Low Fat,0.10948254615182779,Soft Drinks,173.50249738313192,OUT010,1997,Medium,Tier 1,Supermarket Type1,2634.1654510228514
FDV61,17.252932553740152,Low Fat,0.023734139799468142,Snack Foods,97.49081470148323,OUT035,2002,Small,Tier 3,Supermarket Type2,1772.466497085944
FDS96,19.502847666420273,Low Fat,0.2384598609851976,Snack Foods,194.1308272949139,OUT022,2007,Small,Tier 1,Supermarket Type3,5102.047992097036
FDF28,17.32786237337323,reg,0.09260019935526177,Meat,109.25634635362849,OUT044,1999,Small,Tier 2,Supermarket Type1,2300.468443406422
FDL38,16.901029072094524,low fat,0.021819042287699823,Frozen Foods,164.9077912986998,OUT011,1985,nan,Tier 2,Supermarket Type1,1811.42429328248
FDN90,18.4936924098744,Low Fat,0.09072301914458068,Snack Foods,258.3058268971944,OUT031,1985,nan,Tier 2,Supermarket Type1,3488.9221139040596
FDG30,,reg,0.011710527920153629,Household,99.36670629968765,OUT048,1997,nan,Tier 2,Grocery Store,315.57396281541986
FDA13,11.769539020527546,Low Fat,0.10270624269176287,Soft Drinks,244.02098016291663,OUT037,2002,Small,Tier 3,Supermarket Type1,4165.819612622414
FDN17,6.004088821360883,Low Fat,0.014259047776891333,Baking Goods,103.75005528548057,OUT011,1987,Small,Tier 2,Supermarket Type2,1239.9116026247136
FDR69,17.607479120231133,Regular,0.1214206444819147,Soft Drinks,154.2659420062094,OUT020,1985,Small,Tier 1,Supermarket Type1,2467.516498215518
FDM81,19.484058224654262,Low Fat,0.040422548890166235,Household,135.7962716077792,OUT046,2004,Medium,Tier 2,Supermarket Type1,1329.4587656520225
FDX73,13.185383384851203,Low Fat,0.15779778769202082,Meat,210.1266993391053,OUT035,1987,Medium,Tier 2,Supermarket Type1,2830.076774966835
FDE76,13.52016759129264,Low Fat,0.0,Household,44.0513208808588,OUT037,2007,nan,Tier 2,Supermarket Type1,212.33460971104438
FDM88,11.452591746337083,Regular,0.0666249046890518,Dairy,174.2381299357927,OUT035,1987,High,Tier 2,Grocery Store,886.5834450343857
FDD44,18.710121773341744,LF,0.15470585013374516,Frozen Foods,204.95339720022926,OUT026,1985,Small,Tier 3,Supermarket Type1,2450.9577110683344
FDB45,5.2368528634172815,Regular,0.04232090055810752,Frozen Foods,138.59331581788743,OUT012,1987,nan,Tier 3,Supermarket Type1,2971.2200575721718
FDY79,14.992776793842962,Regular,0.100735066518476,Soft Drinks,54.21729950369523,OUT023,1987,nan,Tier 3,Grocery Store,276.31070677596034
FDD58,19.518609564139805,Regular,0.03932980732506302,Dairy,86.30515310150702,OUT025,2004,High,Tier 1,Supermarket Type1,930.4649643940554
FDG27,6.651557208516278,Low Fat,0.17810622326702066,Soft Drinks,186.32464512319865,OUT045,1985,Small,Tier 1,Supermarket Type1,2965.5212021824314
FDV19,20.346632598367805,low fat,0.07901828686852332,Dairy,235.95059866507248,OUT037,1997,nan,Tier 2,Supermarket Type3,4698.62581332459
FDQ32,,Regular,0.031177465681554196,Soft Drinks,126.96997961011239,OUT037,1999,Medium,Tier 1,Supermarket Type1,1373.3799750620133
FDD68,19.876623442498463,Low Fat,0.16401008636707273,Baking Goods,158.89476806799962,OUT034,2004,Small,Tier 1,Grocery Store,819.7682804755524
FDS16,,Low Fat,0.034457825928177595,Meat,82.52855844717827,OUT018,2002,High,Tier 1,Grocery Store,576.71753562555
FDM12,11.127520048516757,reg,0.08486057239831575,Baking Goods,124.80906222848043,OUT020,2007,Small,Tier 1,Supermarket Type1,2062.630303494173
FDH20,16.295163784352596,Low Fat,0.07440264742556076,Fruits and Vegetables,107.46165578721305,OUT046,1985,nan,Tier 3,Supermarket Type1,997.4902468772323
FDP93,10.099043487105467,LF,0.06813283185680906,Household,180.77087603345043,OUT030,2004,nan,Tier 3,Supermarket Type1,2303.487242651343
FDS96,,Low Fat,0.0,Soft Drinks,256.4807588852755,OUT011,2009,Medium,Tier 1,Supermarket Type1,4611.730208400237
FDW41,19.4227546137925,Regular,0.12616408302183185,Household,217.05979395670784,OUT043,2004,Small,Tier 1,Supermarket Type2,3653.0769903298024
FDI51,15.157696958908073,Low Fat,0.14837447437665355,Soft Drinks,74.19785453302259,OUT022,2002,Medium,Tier 3,Supermarket Type1,549.2127675191589
FDW47,8.314471972660286,low fat,0.007502858222040634,Fruits and Vegetables,162.86607646055637,OUT014,2009,Small,Tier 2,Supermarket Type1,2086.28385775729
FDC81,5.29453698157255,Regular,0.06862547728500397,Meat,45.274694438132364,OUT020,1998,Small,Tier 3,Supermarket Type1,772.8347942471976
FDF87,,Low Fat,0.19199566794919098,Meat,86.79056197380618,OUT038,2002,Medium,Tier 1,Supermarket Type1,1229.905589473467
FDH84,,Low Fat,0.03348722340468938,Household,69.61006549388979,OUT037,2002,Small,Tier 1,Supermarket Type2,2088.655716202201
FDJ51,11.490361210373234,Low Fat,0.031085096976492897,Baking Goods,107.17547365707648,OUT037,1997,nan,Tier 1,Grocery Store,372.55042083286116
FDK42,6.294371373650321,low fat,0.03996586399917204,Fruits and Vegetables,186.1272128801691,OUT014,2004,Small,Tier 3,Supermarket Type2,3091.5750360873462
FDO46,15.377939803205598,Regular,0.0699031954385708,Household,144.86046289087017,OUT029,1985,nan,Tier 1,Grocery Store,696.4701765615887
FDN66,9.750864835758378,low fat,0.03967353667587173,Meat,244.56912976072007,OUT046,2007,Small,Tier 3,Supermarket Type1,2838.674336424701
FDT81,7.303147599204431,Low Fat,0.05686332918483845,Dairy,78.93223316515699,OUT048,2007,Medium,Tier 2,Supermarket Type1,12.62213458485735
FDQ77,13.16634488329975,Regular,0.10126401410666956,Household,113.76810363840625,OUT019,2007,nan,Tier 1,Supermarket Type1,1514.1703003385408
FDD91,12.709499598276127,reg,0.0538668216078906,Soft Drinks,105.86609266226799,OUT041,2009,Small,Tier 1,Supermarket Type3,2695.797690527716
FDS12,13.268326545237759,Regular,0.07049852322181224,Frozen Foods,84.27163397078388,OUT038,1998,High,Tier 2,Supermarket Type1,2058.988269984884
FDI48,,Low Fat,0.06783594601499225,Snack Foods,258.42927689903627,OUT011,2002,High,Tier 3,Supermarket Type3,5227.686831839037
FDB82,12.75273411964297,Regular,0.11070034146220978,Meat,119.06187545190252,OUT010,2004,High,Tier 1,Grocery Store,606.9683086567371
FDX15,,Regular,0.034242730211625966,Frozen Foods,246.31706551490763,OUT029,1987,Medium,Tier 1,Supermarket Type2,3549.6487769101354
FDF37,18.468969913954652,Regular,0.2687253558403512,Soft Drinks,119.80889898618757,OUT010,2002,nan,Tier 1,Supermarket Type1,2660.8251316497567
FDP57,15.417855188531233,Low Fat,0.0800348204198753,Frozen Foods,76.94108611035202,OUT013,2007,High,Tier 1,Supermarket Type1,1134.1168584401005
FDC63,5.909629721684896,Low Fat,0.10933675750948117,Fruits and Vegetables,57.41745605702356,OUT024,1998,Medium,Tier 2,Supermarket Type1,641.3314468284053
FDP44,18.839110231405364,LF,0.024221179799830714,Baking Goods,226.77953443036617,OUT039,1999,nan,Tier 3,Supermarket Type1,3486.9044723966467
FDK96,19.489152471147854,Low Fat,0.0360262327819736,Baking Goods,37.382457311568,OUT015,2007,Small,Tier 2,Supermarket Type3,985.7333917595156
FDP78,11.000754152164685,Low Fat,0.021629353827183364,Meat,251.81075531803472,OUT047,1997,Small,Tier 3,Grocery Store,1342.6039051278042
FDT17,13.418428154505733,Regular,0.07149015899898337,Meat,126.18397871067613,OUT010,2002,Medium,Tier 2,Grocery Store,568.5894700156916
FDK60,9.496330730216435,Regular,0.04894165628051897,Baking Goods,86.89610074940214,OUT016,1985,Small,Tier 2,Supermarket Type1,1518.5950372256416
FDJ37,5.235461344118271,reg,0.2138483368840939,Household,172.01261040953338,OUT014,1998,Medium,Tier 3,Supermarket Type1,1753.1610033263673
FDD69,,Low Fat,0.06528048122766682,Snack Foods,60.569988122322854,OUT016,2002,Medium,Tier 1,Supermarket Type2,330.8660192386026
FDJ23,7.0697435740421,Regular,0.10408226620333125,Baking Goods,46.59348192026182,OUT045,1997,Medium,Tier 1,Supermarket Type1,510.68382282163
FDF72,7.933195363625321,Low Fat,0.0360223782597529,Baking Goods,220.3901709392004,OUT012,1985,Small,Tier 2,Grocery Store,1007.3189041589196
FDE56,12.691372985956185,Low Fat,0.0924646198266692,Household,127.67427816382515,OUT021,2002,nan,Tier 2,Grocery Store,460.28382950885396
FDE65,18.872613455680355,Low Fat,0.14304495465221587,Frozen Foods,149.19862978404237,OUT024,1997,Small,Tier 2,Supermarket Type1,2379.7460547150213
FDF28,18.51412274806852,Regular,0.06815515672579935,Soft Drinks,70.64008204126492,OUT029,2007,nan,Tier 1,Supermarket Type2,797.9474473069455
FDT71,20.441094742880544,Regular,0.09984399536464174,Household,44.12757624119673,OUT030,2004,Medium,Tier 3,Supermarket Type2,1511.062841647577
FDQ87,12.722889896375007,Low Fat,0.11407673571547072,Dairy,114.58851050992475,OUT041,2004,High,Tier 1,Supermarket Type1,1615.4771192377025
FDK55,13.832142555431396,Low Fat,0.07079426229388844,Meat,146.41363804742053,OUT021,2007,Small,Tier 2,Supermarket Type1,2411.617124841003
FDE54,18.15385974896014,Regular,0.03315708272283422,Baking Goods,206.0490430319464,OUT046,2004,Medium,Tier 1,Supermarket Type1,2981.607116543144
FDL67,16.19477456639476,Low Fat,0.1572514294675015,Snack Foods,145.24196005415658,OUT049,1999,nan,Tier 1,Supermarket Type1,2132.121563773838
FDX19,7.925153710437428,Low Fat,0.01026936841719195,Fruits and Vegetables,209.97661406775768,OUT016,2007,High,Tier 1,Grocery Store,1026.8474025231149
FDM22,,Regular,0.07789813033648002,Frozen Foods,56.54953932509219,OUT040,2007,nan,Tier 3,Supermarket Type1,917.2374918457878
FDD95,19.866548673223836,Low Fat,0.12584861423217478,Meat,44.71143757010887,OUT010,2007,Small,Tier 2,Grocery Store,122.94665394128825
FDI28,,Low Fat,0.026403958662398447,Snack Foods,66.53802175299387,OUT020,2002,nan,Tier 1,Supermarket Type1,1165.583830224888
FDT16,8.349701984422406,Regular,0.07640218631827672,Baking Goods,207.56278918440756,OUT043,1987,Medium,Tier 1,Supermarket Type3,4551.300464672799
FDO90,11.410560670736928,Low Fat,0.04895096102747557,Soft Drinks,204.64595309290132,OUT028,2007,Medium,Tier 2,Supermarket Type3,5041.502011508013
FDN87,20.037986124257657,low fat,0.1242300397242137,Baking Goods,62.514595037447535,OUT020,1985,Small,Tier 1,Supermarket Type2,1511.5299856539787
FDI57,6.821090265877547,Regular,0.06866083663924644,Frozen Foods,37.127391397656346,OUT042,2009,Medium,Tier 1,Supermarket Type1,1052.9271291204034
FDB87,15.767077867088982,Low Fat,0.050545483050935335,Snack Foods,187.614845328798,OUT042,2009,Medium,Tier 1,Supermarket Type1,2283.143285921482
FDD12,,Regular,0.0769363162056939,Household,226.7148101458848,OUT017,2002,High,Tier 1,Supermarket Type1,1886.362093438969
FDC84,13.39201656934059,Low Fat,0.30359239513407854,Meat,203.4447699673419,OUT017,2002,nan,Tier 2,Supermarket Type1,4180.481868285336
FDE37,13.585016211842122,Regular,0.06659038098794659,Household,76.64376554146799,OUT043,2002,Medium,Tier 1,Supermarket Type1,1411.9657408990686
FDW39,5.682017704547112,Regular,0.0,Baking Goods,164.2666163618272,OUT049,1998,nan,Tier 3,Grocery Store,795.7984848606844
FDW60,,LF,0.31713335424729056,Soft Drinks,204.19411574387448,OUT036,1985,nan,Tier 1,Supermarket Type1,2707.0362949337273
FDI95,17.905962083773623,reg,0.05769169426766884,Snack Foods,88.8406020458191,OUT038,1985,Medium,Tier 3,Supermarket Type1,307.5906987670953
FDK85,,Regular,0.155592612262505,Household,151.37578431497417,OUT023,1985,Small,Tier 2,Supermarket Type1,1269.149720257212
FDZ68,7.089988668955765,Regular,0.0192069335226052,Fruits and Vegetables,102.32589291396717,OUT043,1999,Small,Tier 1,Supermarket Type3,2049.3662259019106
FDH55,10.530027408384779,Low Fat,0.08304906146563622,Baking Goods,81.88234598521487,OUT046,2004,Small,Tier 3,Supermarket Type1,1304.750085931804
FDQ88,19.308424739907736,low fat,0.18556129256318019,Soft Drinks,253.00554515729607,OUT010,1985,nan,Tier 3,Supermarket Type1,4637.69523696125
FDO32,7.1229375494928,Low Fat,0.18983594634761994,Meat,239.89385088899306,OUT018,1985,Small,Tier 1,Supermarket Type3,5580.002923204356
FDL53,10.589073573196416,Regular,0.009722871738011792,Snack Foods,132.50357811884203,OUT019,2002,Small,Tier 1,Supermarket Type1,2322.423984613771
FDS53,12.908870794637265,Low Fat,0.02681123887214427,Frozen Foods,61.458954044714574,OUT039,1987,Small,Tier 2,Supermarket Type2,655.5732581885069
FDK69,5.526149068586502,Low Fat,0.18316816038718367,Meat,197.4186797637492,OUT027,1987,Small,Tier 2,Supermarket Type2,2732.3807026659283
FDF12,9.288539402420826,Low Fat,0.20744400455235731,Fruits and Vegetables,88.81125992949066,OUT026,2004,Small,Tier 1,Supermarket Type1,595.5107809306024
FDP18,14.530142297083486,Low Fat,0.0,Dairy,68.75909534276174,OUT015,2009,Small,Tier 2,Supermarket Type1,417.24264834393375
FDI47,10.183433299453636,Low Fat,0.03568721898071607,Frozen Foods,117.75167407978246,OUT020,2007,nan,Tier 2,Grocery Store,344.1633875246279
FDE74,,Low Fat,0.11764555872011374,Household,151.86545610834997,OUT033,1987,Small,Tier 2,Supermarket Type1,2096.282395718034
FDC44,,Low Fat,0.1283423683709245,Baking Goods,52.41127585869536,OUT045,2004,Small,Tier 2,Supermarket Type1,45.76354047565587
FDL94,12.06468584719558,Low Fat,0.09288659554927706,Meat,161.5016888011611,OUT042,1999,nan,Tier 1,Supermarket Type1,2016.8889659169486
FDP17,13.512327606659555,Low Fat,0.08931489626898438,Baking Goods,33.53012619540295,OUT042,1998,Medium,Tier 1,Supermarket Type1,483.3708440877472
FDI39,15.092932292976158,Regular,0.035070367178982265,Fruits and Vegetables,235.12988393640993,OUT027,1998,Small,Tier 3,Supermarket Type1,2325.442498457379
FDN32,,low fat,0.10334109751075378,Frozen Foods,241.7705885341393,OUT014,1998,Small,Tier 2,Supermarket Type3,6551.491398416139
FDZ95,6.012127110407754,Regular,0.09531690426448274,Frozen Foods,198.60627790772583,OUT040,2009,Small,Tier 1,Supermarket Type3,5804.773338244752
FDO82,5.858870884258552,Low Fat,0.09436652544399342,Household,137.30636397206086,OUT025,2004,Medium,Tier 3,Supermarket Type1,2576.0733174231405
FDZ90,18.849402787964063,Low Fat,0.14563580471624685,Soft Drinks,88.62614222956158,OUT011,2004,Small,Tier 2,Supermarket Type1,1525.332259449955
FDI76,8.51795274868302,Low Fat,0.07056025266601854,Baking Goods,201.14578086362118,OUT018,1998,Medium,Tier 3,Supermarket Type1,3180.208682793306
FDY25,14.345688047100932,LF,0.14428190310904837,Fruits and Vegetables,244.31335644897464,OUT011,2009,High,Tier 2,Supermarket Type3,5895.638376449084
FDM90,14.994749032217737,Low Fat,0.091125288629912,Snack Foods,66.46275212641109,OUT046,2007,Small,Tier 1,Supermarket Type1,1040.000955230694
FDX71,7.6314284384038515,Regular,0.21073903692913631,Soft Drinks,137.13905753847055,OUT029,1998,Medium,Tier 3,Supermarket Type1,2148.084777338226
FDY45,17.1855460283144,Low Fat,0.10292887865837307,Snack Foods,102.51017628826348,OUT026,2002,nan,Tier 1,Grocery Store,212.13114770492479
FDU95,18.855129892762733,Low Fat,0.04537657618877321,Soft Drinks,112.05061148055928,OUT034,1998,nan,Tier 2,Supermarket Type1,1738.8388289722582
FDI31,9.566042901083167,Regular,0.07307003389837445,Frozen Foods,123.32428970427448,OUT028,1985,High,Tier 2,Supermarket Type1,2099.189878134208
FDI93,19.045442894774993,Low Fat,0.024582959829120704,Frozen Foods,248.91315920540785,OUT017,1999,Medium,Tier 2,Supermarket Type1,3902.8469518103416
FDC45,6.296594700233033,Low Fat,0.04604297149432118,Soft Drinks,89.48654860966154,OUT020,1997,Medium,Tier 3,Supermarket Type2,1916.3372322381088
FDA91,,LF,0.07370720067184287,Household,143.31544299150653,OUT022,1985,Medium,Tier 3,Supermarket Type2,2884.388741700909
FDD19,15.241778575099094,Low Fat,0.21530539949970617,Dairy,248.8421184822118,OUT022,1987,nan,Tier 3,Supermarket Type2,3469.9529997188324
FDD30,14.329772630165078,Regular,0.13840634638373905,Baking Goods,139.49308475021297,OUT018,1987,Medium,Tier 1,Supermarket Type1,1525.3134505845405
FDY58,8.68212391719917,Low Fat,0.052854342994593066,Frozen Foods,228.62789004193428,OUT014,2007,nan,Tier 3,Supermarket Type1,4057.336563366991
FDH18,10.789468844479758,reg,0.0,Soft Drinks,43.51589809481462,OUT027,1998,nan,Tier 2,Supermarket Type2,985.367984795584
FDP88,19.564870148323347,Regular,0.008036667545949817,Meat,249.19699624654427,OUT049,1997,High,Tier 1,Grocery Store,1035.4776810755427
FDT57,,Low Fat,0.14187837582855464,Frozen Foods,73.1321638159917,OUT023,1998,High,Tier 2,Supermarket Type1,985.3003769721005
FDU59,14.510081349804725,LF,0.06687293748187599,Household,255.38505798819537,OUT043,1985,Medium,Tier 2,Supermarket Type1,3678.796212847094
FDG25,19.97362452473635,Low Fat,0.022307427654581158,Household,70.38267900946613,OUT031,1985,Small,Tier 3,Supermarket Type2,1191.152359619334
FDS15,12.463815045171874,Low Fat,0.0782331866711405,Soft Drinks,132.20416799284408,OUT042,1999,Medium,Tier 3,Supermarket Type1,2701.3890079233342
FDF75,11.21230781429454,Regular,0.046506699420708265,Meat,100.98133306168523,OUT033,2004,Medium,Tier 3,Supermarket Type1,1066.9267530564423
FDI49,19.291233776769936,Regular,0.25756032909153365,Fruits and Vegetables,129.64322685186013,OUT038,2009,Small,Tier 2,Supermarket Type1,2090.968900408384
FDG71,19.574207272089776,Regular,0.08816181486237264,Household,87.62069018287086,OUT022,2004,Medium,Tier 1,Supermarket Type3,2163.4517117385935
FDP56,10.674212148831817,Regular,0.039372740010378174,Soft Drinks,252.02300485835764,OUT036,1999,nan,Tier 3,Supermarket Type2,2786.869965082019
FDI61,14.47183492080331,Low Fat,0.060537825266811736,Baking Goods,100.31674633681108,OUT010,1997,nan,Tier 3,Supermarket Type1,2757.1692384238904
FDO43,20.419644365331806,reg,0.02072677810432246,Frozen Foods,180.25322977477128,OUT016,2007,nan,Tier 1,Grocery Store,842.5552821242219
FDT87,5.887531122230341,low fat,0.12317385488009676,Soft Drinks,61.61292260772136,OUT013,2004,Small,Tier 2,Supermarket Type1,1502.462270712128
FDZ84,5.636838712329341,Regular,0.13167338326100364,Baking Goods,219.60912151547328,OUT019,1998,Small,Tier 2,Supermarket Type1,2485.2068337378964
FDC11,13.265288141903692,Low Fat,0.00943536654929192,Baking Goods,154.77682700718807,OUT049,1985,Medium,Tier 1,Supermarket Type1,3285.2474112160435
FDR23,9.659842298025415,low fat,0.07809891712694121,Dairy,255.27260864220264,OUT044,1997,Small,Tier 3,Supermarket Type1,3652.886713734027
FDX78,14.309598158946404,Regular,0.02256592197271593,Dairy,127.38250987169009,OUT048,2007,High,Tier 1,Supermarket Type3,1138.603435373469
FDL55,,reg,0.052735050259745446,Snack Foods,74.95301124463188,OUT025,1987,Small,Tier 3,Supermarket Type1,413.15138468467785
FDF17,6.105189400335558,Low Fat,0.16675959231897478,Frozen Foods,109.58436987142622,OUT036,2009,Medium,Tier 1,Supermarket Type1,1029.4435034193657
FDG53,19.117879612835118,Regular,0.16439899458354013,Fruits and Vegetables,199.50208940150367,OUT029,1998,Small,Tier 2,Supermarket Type3,3908.7519308873743
FDP48,9.430192019791296,reg,0.08136560196223246,Frozen Foods,181.59449982905147,OUT019,2004,Medium,Tier 2,Supermarket Type1,2079.0089305727633
FDH10,,Low Fat,0.027487974337380653,Fruits and Vegetables,209.01990375207677,OUT042,2004,nan,Tier 2,Supermarket Type1,3540.5242402177955
FDM60,10.392588031424804,Regular,0.03295879260970583,Baking Goods,46.89816720696809,OUT016,2007,nan,Tier 2,Supermarket Type1,792.9804944090348
FDA59,18.43735772942718,reg,0.017579434025669267,Fruits and Vegetables,163.48481832930088,OUT031,2004,nan,Tier 1,Supermarket Type3,4061.8652185948404
FDG63,7.730435202593613,Regular,0.07021515056186316,Snack Foods,244.39879571835007,OUT026,1998,Medium,Tier 1,Supermarket Type1,3881.002854055176
FDQ88,5.458771492986356,Regular,0.08661059790104057,Fruits and Vegetables,54.81744148076279,OUT018,2004,nan,Tier 3,Supermarket Type1,699.7302690355632
FDV28,20.548825787507667,Low Fat,0.026046349980803962,Frozen Foods,51.69710954998514,OUT049,1999,Medium,Tier 1,Supermarket Type1,4.245151601458474
FDW73,20.690119603537667,Regular,0.21889934564808125,Soft Drinks,194.8190038394882,OUT019,2004,High,Tier 3,Supermarket Type3,3249.9519326902687
FDD48,9.123085278082973,Low Fat,0.26709067763978084,Soft Drinks,102.49196484416643,OUT045,1997,nan,Tier 1,Grocery Store,240.89156080433878
FDP58,5.149642161668085,Low Fat,0.1554888703190099,Soft Drinks,181.4732183830086,OUT040,2004,Small,Tier 1,Supermarket Type1,2176.115355602133
FDT70,,Regular,0.10702360406582054,Meat,155.4384380015828,OUT040,2004,nan,Tier 1,Grocery Store,953.4857939589397
FDO18,15.375412524236312,Low Fat,0.155304867966341,Baking Goods,256.7953314181783,OUT014,1987,Medium,Tier 1,Grocery Store,931.203833315453
FDU32,,LF,0.12539880894007488,Fruits and Vegetables,234.48297589962104,OUT027,2007,Medium,Tier 2,Supermarket Type2,4256.3286146100945
FDM16,9.775528171880964,Regular,0.05537157332473479,Meat,185.95673975919368,OUT015,2004,Medium,Tier 1,Supermarket Type2,2262.2624766243043
FDS70,8.032066846343799,Regular,0.07064482700853125,Household,90.18516400372462,OUT037,2009,nan,Tier 3,Supermarket Type1,675.195962333766
FDK90,14.862117554928926,Low Fat,0.0,Baking Goods,90.23887729460799,OUT033,1998,High,Tier 2,Supermarket Type2,1564.3682223808762
FDD35,,Low Fat,0.07630783230598294,Snack Foods,232.91607413085757,OUT014,2009,High,Tier 1,Supermarket Type2,4127.356090753476
FDD91,16.48378869930586,Low Fat,0.2269170885611987,Household,164.62844501334038,OUT037,1985,Small,Tier 1,Supermarket Type1,1657.2826058640137
FDV40,19.162038452647128,Low Fat,0.23664323037421403,Soft Drinks,211.53480987198353,OUT012,1999,Small,Tier 3,Supermarket Type1,3128.196318064127
FDQ50,13.955922999679832,low fat,0.18935483346325996,Household,133.46876750347093,OUT027,2004,High,Tier 2,Supermarket Type1,2595.586737638544
FDZ15,7.401204156700668,Regular,0.08509813223664305,Soft Drinks,53.70693642985111,OUT013,1998,Small,Tier 2,Grocery Store,378.3145311187681
FDB18,,low fat,0.1050588480349581,Snack Foods,106.51788539511399,OUT049,2004,Small,Tier 2,Supermarket Type2,825.3182594694034
FDB21,10.985625078900128,Regular,0.012143083609896856,Baking Goods,67.06431468632353,OUT041,2009,Small,Tier 2,Supermarket Type1,903.5043986646934
FDP80,12.243760457745656,Regular,0.14766195839937138,Baking Goods,209.82154777786553,OUT041,1999,Small,Tier 3,Grocery Store,702.8389022849444
FDA16,20.35175025422666,Regular,0.08306515053232796,Snack Foods,191.11775762113075,OUT028,1999,Medium,Tier 1,Supermarket Type2,3053.8306905346963
FDC29,13.879152867880602,Low Fat,0.056477069370344114,Snack Foods,50.33497214924935,OUT038,1987,Small,Tier 1,Supermarket Type3,1256.6788121916368
FDE76,7.394354542063079,Regular,0.02952535026154349,Frozen Foods,172.91864171523173,OUT042,1999,nan,Tier 2,Supermarket Type1,2876.3186484948146
FDO47,12.090537713992257,Low Fat,0.0720652280051442,Fruits and Vegetables,231.05116660880296,OUT011,2007,High,Tier 3,Supermarket Type1,2988.2532301463416
FDO65,8.654888041858607,Regular,0.05658149446972998,Meat,190.39378794199231,OUT020,1998,High,Tier 1,Supermarket Type2,2506.3934152560123
FDW11,7.16771990932688,Low Fat,0.08267173664714167,Soft Drinks,147.55573998641694,OUT042,1987,Medium,Tier 2,Supermarket Type1,2707.5840847854843
FDD30,16.395745797360526,Regular,0.08085912016600592,Dairy,101.72855553594407,OUT049,2007,High,Tier 2,Supermarket Type1,2041.4168319392465
FDN23,15.0571051062224,Low Fat,0.11563142872822516,Snack Foods,234.03225240475598,OUT010,1998,Medium,Tier 3,Supermarket Type1,4346.616994001673
FDJ20,12.964621864284187,Low Fat,0.086542612197916,Dairy,127.24512289243457,OUT026,1999,Small,Tier 3,Grocery Store,785.7651419754008
FDD56,,Regular,0.11327166914191175,Frozen Foods,226.74052345377063,OUT025,2004,Small,Tier 3,Supermarket Type1,2576.7554915044143
FDT29,10.15548369313405,Low Fat,0.06279080841158202,Fruits and Vegetables,210.08996279018533,OUT011,1999,High,Tier 2,Supermarket Type1,3763.406391716
FDT25,,Low Fat,0.051161782738728734,Snack Foods,217.73220201459773,OUT013,1998,Small,Tier 3,Supermarket Type1,3248.7514931724836
FDB54,,Low Fat,0.1713769574376137,Meat,257.65342963717865,OUT041,2004,Small,Tier 2,Supermarket Type1,4228.544880678616
FDH71,18.414313967388573,Low Fat,0.15406178823888378,Soft Drinks,202.21445865078184,OUT016,1998,Medium,Tier 1,Supermarket Type3,4296.251404721397
FDT30,,low fat,0.0967815093165524,Frozen Foods,37.82941521528913,OUT038,1998,High,Tier 2,Supermarket Type1,109.9518636022541
FDH39,20.557083583059864,Regular,0.040448504731303826,Fruits and Vegetables,77.24980504557132,OUT018,1987,nan,Tier 2,Supermarket Type1,1016.3910576557407
FDD14,15.497073794096618,low fat,0.12558833510719752,Meat,38.09488457478784,OUT044,1999,nan,Tier 1,Supermarket Type1,603.71044493464
FDU47,,Low Fat,0.015833808603436427,Dairy,73.68012108658884,OUT014,2007,Small,Tier 3,Supermarket Type1,1250.2589376973133
FDW28,,Low Fat,0.055410152373193876,Soft Drinks,44.13108745780606,OUT030,1998,nan,Tier 3,Supermarket Type3,1723.1731901794296
FDJ36,6.229763880216963,Regular,0.07475638758313022,Meat,145.37191947283816,OUT026,1987,nan,Tier 2,Supermarket Type3,2492.5736822371337
FDC22,14.888293415778904,Low Fat,0.02671267116363605,Household,36.4874290206079,OUT048,2009,Small,Tier 2,Supermarket Type1,15.066068252090417
FDI26,,Low Fat,0.054437101564723304,Soft Drinks,138.69319291150967,OUT023,2002,nan,Tier 1,Supermarket Type1,1265.5309647531676
FDJ53,17.14519221436177,Regular,0.06488233189540606,Household,236.73340863760276,OUT041,1997,Medium,Tier 3,Supermarket Type1,3439.945323389317
FDM97,11.589726854650177,Regular,0.0723067550983213,Baking Goods,202.17248289220618,OUT024,1999,Small,Tier 1,Supermarket Type1,2595.283449255546
FDJ60,20.76882172582992,Low Fat,0.026165802254725597,Baking Goods,247.1098624399039,OUT030,2002,Small,Tier 2,Supermarket Type2,3541.0967591511157
FDU92,11.361792877814942,Low Fat,0.040296985745516156,Baking Goods,82.1287579639997,OUT023,2009,Medium,Tier 2,Supermarket Type1,1244.253830557047
FDZ67,10.329146158585292,Regular,0.07295094641859748,Fruits and Vegetables,152.14973777321757,OUT025,1999,Medium,Tier 1,Grocery Store,417.2808284945707
FDE17,18.935782028009285,Low Fat,0.11879746831509379,Meat,103.27327422814292,OUT010,2009,nan,Tier 1,Supermarket Type2,1271.3472466781468
FDE56,11.328102768302962,LF,0.18553306194891164,Frozen Foods,143.57855300916782,OUT049,1985,Small,Tier 3,Supermarket Type1,2335.022955420787
FDD98,18.934357105930886,LF,0.05455350658494034,Frozen Foods,158.12744080438634,OUT027,1998,Medium,Tier 1,Grocery Store,721.8940186032895
FDM14,5.437668569981604,low fat,0.05594905067357947,Baking Goods,38.322810009448986,OUT043,1985,Small,Tier 3,Grocery Store,116.33849990175054
FDA72,16.081492977049404,Low Fat,0.03403205596393223,Snack Foods,83.64891109944611,OUT035,1987,Medium,Tier 3,Supermarket Type1,1236.9287554124526
FDV56,6.149645975985557,Low Fat,0.18424998874386794,Meat,192.0977392261194,OUT045,1987,nan,Tier 1,Supermarket Type3,4118.256691997144
FDJ34,,LF,0.1101990674789011,Meat,207.77344564426892,OUT030,1999,Medium,Tier 1,Grocery Store,785.5284184917243
FDK59,16.20120031791346,Low Fat,0.06760538083241255,Meat,160.97381452212574,OUT010,1985,Medium,Tier 3,Supermarket Type1,1832.0668649301292
FDM39,9.635573459416396,Low Fat,0.0,Soft Drinks,92.29067642819564,OUT036,1997,nan,Tier 1,Supermarket Type3,4092.024530629702
FDP60,8.366934420470391,Low Fat,0.06759095333244032,Snack Foods,123.16934684623021,OUT020,2002,Small,Tier 3,Supermarket Type2,2161.867984700386
FDW64,17.82441820206951,Low Fat,0.036588610775591834,Household,52.08846673271845,OUT047,1985,nan,Tier 3,Supermarket Type1,1321.980997427444
FDN40,20.13994982677915,Regular,0.07117278554050863,Household,249.23131186229608,OUT023,1985,Medium,Tier 2,Supermarket Type1,4040.3460045348493
FDB83,8.718090376612821,LF,0.13218883565349343,Fruits and Vegetables,229.79581837836628,OUT037,1997,High,Tier 3,Grocery Store,1243.0297289797436
FDD42,,Regular,0.03174404174447515,Baking Goods,45.088539788716574,OUT036,2009,nan,Tier 2,Supermarket Type1,962.9746249133563
FDX67,16.425172896102563,Regular,0.0,Fruits and Vegetables,68.29285310141601,OUT031,1987,High,Tier 1,Supermarket Type1,28.055235029274627
FDZ66,18.04468592889402,Low Fat,0.10971243311168433,Frozen Foods,163.65172147341332,OUT030,2002,High,Tier 3,Supermarket Type1,2035.638145778659
FDQ20,20.98659680523668,Regular,0.04274113732336435,Meat,83.45891704971966,OUT033,1997,High,Tier 3,Supermarket Type1,1370.0157242239616
FDG90,9.373931572057588,Low Fat,0.18664047058048774,Dairy,244.9121605432495,OUT028,2002,Small,Tier 1,Supermarket Type2,3778.175550412519
FDQ19,13.905897420056327,Low Fat,0.0,Dairy,203.78583360034716,OUT033,2004,Medium,Tier 1,Supermarket Type1,3122.495561115448
FDZ15,7.144303063275265,Low Fat,0.17926294999425021,Snack Foods,92.85704796954903,OUT035,2004,nan,Tier 1,Supermarket Type1,834.9814643537463
FDQ25,10.293441681575958,Regular,0.15966153106246878,Meat,31.40332457380951,OUT034,1987,Small,Tier 3,Grocery Store,57.11537408869167
FDG13,,Low Fat,0.17477290891773772,Baking Goods,213.87289997668418,OUT038,1997,Medium,Tier 1,Supermarket Type2,3331.873277073916
FDT73,,reg,0.0,Household,127.5406332082451,OUT019,1998,Small,Tier 1,Grocery Store,579.3778817732366
FDQ65,13.104719628553479,reg,0.0,Fruits and Vegetables,177.74687372728872,OUT020,2007,Medium,Tier 2,Supermarket Type1,3053.936405462693
FDI84,,Low Fat,0.08209485752086565,Frozen Foods,96.00420984689842,OUT033,1999,High,Tier 2,Supermarket Type2,902.6534616826898
FDW42,19.230132962761747,Low Fat,0.06696752789891618,Soft Drinks,62.86084965237932,OUT033,1985,High,Tier 3,Supermarket Type2,1185.860571153692
FDG95,16.364944182874368,Regular,0.038917846693945005,Dairy,185.3216661107215,OUT021,2009,Medium,Tier 1,Supermarket Type1,2493.3797303881647
FDE46,,reg,0.056093940106865116,Snack Foods,133.5746552737316,OUT016,1985,nan,Tier 1,Grocery Store,547.6742468326856
FDA79,19.02722489160342,low fat,0.19076656614851595,Fruits and Vegetables,84.0890312460956,OUT049,1987,nan,Tier 2,Supermarket Type1,1233.4445763802908
FDM56,20.6371359071275,Low Fat,0.023557607680556234,Dairy,61.654439900226734,OUT026,2004,Small,Tier 3,Supermarket Type1,59.094772638236805
FDD39,,Low Fat,0.08278418607642425,Household,163.5103067215757,OUT044,1997,Medium,Tier 1,Supermarket Type2,2516.219112524952
FDQ69,10.033770840793244,Low Fat,0.029022261019322235,Household,196.8764862477421,OUT015,2002,nan,Tier 3,Supermarket Type1,3581.9982735413723
FDX33,9.215431190400789,Low Fat,0.020752314614933192,Meat,95.29400128831651,OUT021,2007,Small,Tier 2,Supermarket Type2,821.3748600331551
FDM13,6.398711907496779,Low Fat,0.0,Frozen Foods,199.0827831298385,OUT024,1999,Medium,Tier 1,Supermarket Type1,3915.1226746820685
FDG92,12.865750049104495,Regular,0.061645389164594076,Meat,72.11810570853754,OUT041,1985,Small,Tier 2,Supermarket Type2,758.0043929745457
FDX80,5.802240353643777,Low Fat,0.03243895098788415,Dairy,107.83560895187513,OUT032,1997,Small,Tier 2,Supermarket Type1,1912.04931195512
FDN62,13.061395061240294,low fat,0.02731051884851054,Dairy,201.32292596398977,OUT016,1987,nan,Tier 2,Supermarket Type1,2358.2436608333987
FDP18,9.04077505160149,Low Fat,0.04866818041580607,Fruits and Vegetables,181.83300951882825,OUT047,2002,nan,Tier 1,Supermarket Type1,3807.07418729079
FDV11,12.622911289250936,Low Fat,0.0,Frozen Foods,92.22043418789988,OUT040,1999,Small,Tier 3,Supermarket Type1,853.2042264089703
FDP14,11.69414602151126,Low Fat,0.217334335664986,Meat,58.09105035579462,OUT038,2004,nan,Tier 1,Supermarket Type2,974.9169621869986
FDL61,9.88182803206882,Low Fat,0.13643649785453546,Snack Foods,39.76888773786565,OUT037,1987,Small,Tier 2,Grocery Store,98.55977528419764
FDZ24,12.178211832266767,Regular,0.06387437802069497,Snack Foods,222.7204913814357,OUT021,2002,Medium,Tier 3,Supermarket Type1,3315.85773602902
FDC82,,Low Fat,0.024273082267870623,Household,47.282648400607805,OUT036,1999,High,Tier 2,Supermarket Type1,765.2882555997261
FDG72,18.339068185203818,low fat,0.04683674765145245,Frozen Foods,56.41438500746919,OUT013,2002,Medium,Tier 1,Supermarket Type1,683.1207042465675
